[
  {
    "id":"0",
    "message":"",
    "question":"",
    "content":
    {
      "sceneType": ["4"],
      "opt1":["", "1"],
      "opt2":["", ""],
      "opt3":["", ""]
    }
  },
  {
    "id":"1",
    "message":"YOU HAVE JUST WOKEN UP FROM A LONG INTERSTELLAR JOURNEY FROM EARTH TO A BASE LOCATED ON EUROPA, A MOON ORBITING JUPITER",
    "question":"",
    "content":
    {
      "sceneType": ["2"],
      "opt1":["", ""],
      "opt2":["", ""],
      "opt3":["CONTINUE", "2"]
    }
  },
  {
    "id":"2",
    "message":"",
    "question":"",
    "content":
    {
      "sceneType": ["8"],
      "opt1":["", "3"],
      "opt2":["", "3"],
      "opt3":["CONTINUE", "3"]
    }
  },
  {
    "id":"3",
    "message":"YOU ARE NOW IN THE CAFETERIA GETTING SOME FOOD TO RE-ENERGISE.",
    "question":"WHAT MILKSHAKE WOULD YOU LIKE?",
    "content":
    {
      "sceneType": ["0"],
      "opt1":["STRAWBERRY", "5"],
      "opt2":["BANANA", "4"],
      "opt3":["CHOCOLATE", "5"]
    }
  },
  {
    "id":"4",
    "message":"YOU DIE FROM AN UNKNOWN BANANA ALLERGY",
    "question":"",
    "content":
    {
      "sceneType": ["3"],
      "opt1":["", ""],
      "opt2":["", ""],
      "opt3":["RETRY", "3"]
    }
  },
  {
    "id":"5",
    "message":"AN EXPLOSION OCCURS NEARBY. YOU REGAIN CONSCIOUSNESS.",
    "question":"",
    "content":
    {
      "sceneType": ["1"],
      "opt1":["CHECK SYSTEM", "7"],
      "opt2":["CHECK NOTEBOOK", "6"],
      "opt3":["", ""]
    }
  },
  {
    "id":"6",
    "message":"HINT: [BIN] 11111110 = [DEC] 254",
    "question":"",
    "content":
    {
      "sceneType": ["2"],
      "opt1":["", ""],
      "opt2":["", ""],
      "opt3":["CLOSE NOTEBOOK", "5"]
    }
  },
  {
    "id":"7",
    "message":"IT SEEMS THAT THE SYSTEM CONTROL PANEL ONLY ACCEPTS BINARY CODES",
    "question":"PLEASE ENTER ADMIN KEY TO CHECK SYSTEM STATUS",
    "content":
    {
      "sceneType": ["0"],
      "opt1":["11111110", "9"],
      "opt2":["254", "8"],
      "opt3":["00110110", "8"]
    }
  },
  {
    "id":"8",
    "message":"INVALID KEY",
    "question":"",
    "content":
    {
      "sceneType": ["3"],
      "opt1":["", ""],
      "opt2":["", ""],
      "opt3":["RETRY", "7"]
    }
  },
  {
    "id":"9",
    "message":"SYSTEM STATUS : CRITICAL, PREDICTED CAUSE : OXYGEN LEAKAGE IN SECTOR 2",
    "question":"",
    "content":
    {
      "sceneType": ["2"],
      "opt1":["", ""],
      "opt2":["", ""],
      "opt3":["EXIT CONTROL PANEL", "10"]
    }
  },
  {
    "id":"10",
    "message":"YOU MUST NOW GO TO SECTOR 2 TO FIX OXYGEN LEAKAGE",
    "question":"",
    "content":
    {
      "sceneType": ["0"],
      "opt1":["TAKE RIGHT DOOR", "11"],
      "opt2":["TAKE LEFT DOOR", "13"],
      "opt3":["ASK AI FOR DIRECTIONS", "12"]
    }
  },
  {
    "id":"11",
    "message":"YOU ARE INSTANTLY SUCKED OUT INTO SPACE AND KILLED",
    "question":"",
    "content":
    {
      "sceneType": ["3"],
      "opt1":["", ""],
      "opt2":["", ""],
      "opt3":["RETRY", "10"]
    }
  },
  {
    "id":"12",
    "message":"TAKE THE LEFT DOOR TO ACCESS HATCH CONNECTING CAFETERIA TO SECTOR 2",
    "question":"",
    "content":
    {
      "sceneType": ["2"],
      "opt1":["", ""],
      "opt2":["", ""],
      "opt3":["EXIT AI ASSISTANT", "10"]
    }
  },
  {
    "id":"13",
    "message":"YOU ARE NOW IN THE HATCH CONNECTING TO SECTOR 2.",
    "question":"ACCESS THE CONTROL UNIT AND INITIALISE REPAIR DROIDS.",
    "content":
    {
      "sceneType": ["2"],
      "opt1":["", ""],
      "opt2":["", ""],
      "opt3":["INITIALISE REPAIR DROIDS", "14"]
    }
  },
  {
    "id":"14",
    "message":"OXYGEN LEVELS ARE NOW RESTORING.",
    "question":"",
    "content":
    {
      "sceneType": ["2"],
      "opt1":["", ""],
      "opt2":["", ""],
      "opt3":["PROCEED", "15"]
    }
  },
  {
    "id":"15",
    "message":"YOU SUDDENLY HEAR SOMEONE SCREAMING FOR HELP. IT SOUNDED LIKE IT WAS COMING FROM ONE OF THE ROOMS IN THE CORRIDOR.",
    "question":"",
    "content":
    {
      "sceneType": ["1"],
      "opt1":["LEFT DOOR", "18"],
      "opt2":["RIGHT DOOR", "16"],
      "opt3":["", ""]
    }
  },
  {
    "id":"16",
    "message":"IT SEEMS TO JUST BE AN OBSERVATORY ROOM.",
    "question":"",
    "content":
    {
      "sceneType": ["1"],
      "opt1":["LOOK OUT WINDOW", "17"],
      "opt2":["EXIT ROOM", "15"],
      "opt3":["", ""]
    }
  },
  {
    "id":"17",
    "message":"",
    "question":"",
    "content":
    {
      "sceneType": ["5"],
      "opt1":["", ""],
      "opt2":["", ""],
      "opt3":["EXIT WINDOW", "16"]
    }
  },
  {
    "id":"18",
    "message":"YOU SEE THAT SOMEONE IS STUCK UNDER A MACHINE WHICH HAS FALLEN OVER THEIR LEGS.",
    "question":"",
    "content":
    {
      "sceneType": ["2"],
      "opt1":["", ""],
      "opt2":["", ""],
      "opt3":["LIFT UP MACHINE", "19"]
    }
  },
  {
    "id":"19",
    "message":"YOU HAVE SUCCESSFULLY SAVED YOUR FRIEND.",
    "question":"THEY INFORM YOU THAT HER FRIEND IS STILL IN ONE OF THE SLEEPING PODS.",
    "content":
    {
      "sceneType": ["2"],
      "opt1":["", ""],
      "opt2":["", ""],
      "opt3":["EXIT ROOM", "20"]
    }
  },
  {
    "id":"20",
    "message":"WE SHOULD PROBABLY HEAD TO THE POD UNIT.",
    "question":"FRIEND: I THINK ITS IN SECTOR 5",
    "content":
    {
      "sceneType": ["1"],
      "opt1":["RIGHT DOOR TO STORAGE ROOM", "21"],
      "opt2":["LEFT DOOR TO SECTOR 5", "23"],
      "opt3":["", ""]
    }
  },
  {
    "id":"21",
    "message":"YOU  FIND A BOX OF KEYS ...'RED FOR SECTOR 1'...'GREEN FOR SECTOR 5'...'BLUE FOR SECTOR 9'",
    "question":"",
    "content":
    {
      "sceneType": ["1"],
      "opt1":["EXIT STORAGE ROOM", "20"],
      "opt2":["LOOK OUT WINDOW", "22"],
      "opt3":["", ""]
    }
  },
  {
    "id":"22",
    "message":"YOU  FIND A BOX OF KEYS ...'RED FOR SECTOR 1'...'GREEN FOR SECTOR 5'...'BLUE FOR SECTOR 9'",
    "question":"",
    "content":
    {
      "sceneType": ["6"],
      "opt1":["", ""],
      "opt2":["WINDOW", ""],
      "opt3":["EXIT WINDOW", "21"]
    }
  },
  {
    "id":"23",
    "message":"YOU SEE THAT THERE IS SOMEONE ON THE OTHER SIDE OF THE DOOR INSIDE A SLEEPING POD. HOWEVER THE DOOR IS LOCKED.",
    "question":"SELECT A KEY?",
    "content":
    {
      "sceneType": ["0"],
      "opt1":["RED KEY", "24"],
      "opt2":["GREEN KEY", "25"],
      "opt3":["BLUE KEY", "24"]
    }
  },
  {
    "id":"24",
    "message":"INVALID KEY",
    "question":"",
    "content":
    {
      "sceneType": ["3"],
      "opt1":["", ""],
      "opt2":["", ""],
      "opt3":["RETRY", "23"]
    }
  },
  {
    "id":"25",
    "message":"DIGITAL CONTROL TO SLEEPING POD IS BROKEN.",
    "question":"",
    "content":
    {
      "sceneType": ["2"],
      "opt1":["", ""],
      "opt2":["", ""],
      "opt3":["FIX MANUALLY", "26"]
    }
  },
  {
    "id":"26",
    "message":"",
    "question":"",
    "content":
    {
      "sceneType": ["10"],
      "opt1":["", "28"],
      "opt2":["", "27"],
      "opt3":["", ""]
    }
  },
  {
    "id":"27",
    "message":"YOUR FRIEND IS CRYOGENICALLY BURNED TO DEATH.",
    "question":"",
    "content":
    {
      "sceneType": ["3"],
      "opt1":["", ""],
      "opt2":["", ""],
      "opt3":["RETRY", "20"]
    }
  },
  {
    "id":"28",
    "message":"YOU HAVE SUCCESSFULLY OPENED THE POD AND SAVED THEIR FRIEND.",
    "question":"",
    "content":
    {
      "sceneType": ["2"],
      "opt1":["", ""],
      "opt2":["", ""],
      "opt3":["PROCEED", "29"]
    }
  },
  {
    "id":"29",
    "message":"",
    "question":"",
    "content":
    {
      "sceneType": ["11"],
      "opt1":["", ""],
      "opt2":["", ""],
      "opt3":["", ""]
    }
  }
]